Altinkaya,LG-2325,https://www.altinkaya.com.tr/documents/LG-2000.pdf
Altinkaya,RT-209,https://www.altinkaya.com.tr/documents/RT-209.pdf
AltÄ±nkaya,OP-358-A,https://www.altinkaya.com.tr/documents/OP-358.pdf
Amphenol,L17H2110131,https://cdn.amphenol-icc.com/media/wysiwyg/files/documentation/datasheet/cmio/l17h_stacked_dsub.pdf
Analog_Devices,ADE7758ARWZ,https://www.analog.com/media/en/technical-documentation/data-sheets/ADE7758.pdf
Analog_Devices,ADM2483BRWZ-REEL,https://www.analog.com/media/en/technical-documentation/data-sheets/ADM2483.pdf
Microchip,AT24C256C-SSHL-T,https://ww1.microchip.com/downloads/en/DeviceDoc/AT24C128C-AT24C256C-Data-Sheet-DS20006270B.pdf
Belfuse,0ZCG0050AF2C,https://belfuse.com/resources/datasheets/circuitprotection/ds-cp-0zcg-series.pdf
Bourns,2035-09-SM-RPLF,https://www.bourns.com/data/global/pdfs/2035-xx-SM.pdf
Bourns,2036-09-SM-RPLF,https://www.bourns.com/data/global/pdfs/2036-xx-SM.pdf
Bourns,MF-MSMF150/24X-2,https://www.bourns.com/data/global/pdfs/mfmsmf.pdf
Bourns,TBU-CA065-200-WH,https://www.bourns.com/data/global/pdfs/TBU-CA.pdf
Coilmx,MPA6045S-101M,http://www.coilmx.com/dadianliudianganxilie/30-3.html
Connfly,DS1040-06RT,http://outer.connfly.group/static/upload/file/pdf/DS1040.pdf
Cypress,FM25CL64B-GTR,https://www.cypress.com/file/41676/download
Cypress,S25FL064LABMFI013,https://www.cypress.com/file/316661/download
Degson,15EDGK-3.81-02P-14-00SH,https://enoss.degson.com/upload/file/20210313/10010000189/15EDGK-3.81-XXP-1Y-00A(H)-l.pdf
Degson,15EDGK-3.81-03P-14-00SH,https://enoss.degson.com/upload/file/20210313/10010000189/15EDGK-3.81-XXP-1Y-00A(H)-l.pdf
Degson,15EDGK-3.81-06P-14-00SH,https://enoss.degson.com/upload/file/20210313/10010000189/15EDGK-3.81-XXP-1Y-00A(H)-l.pdf
Degson,15EDGRC-3.81-02P-14-00SH,https://enoss.degson.com/upload/file/20210313/10030000179/15EDGRC-3.81-XXP-1Y-00A(H)T0-1.pdf
Degson,15EDGRC-3.81-03P-14-00SH,https://enoss.degson.com/upload/file/20210313/10030000179/15EDGRC-3.81-XXP-1Y-00A(H)T0-1.pdf
Degson,15EDGRC-3.81-06P-14-00SH,https://enoss.degson.com/upload/file/20210313/10030000179/15EDGRC-3.81-XXP-1Y-00A(H)T0-1.pdf
Degson,15EDGVC-3.81-06P-14-00SH,https://enoss.degson.com/upload/file/20210313/10030000753/15EDGVC-3.81-XXP-1Y-00A(H)T0-1.pdf
Degson,2EDGK-5.08-04P-14-00SH,https://enoss.degson.com/upload/file/20210313/10010001162/2EDGK-5.08-XXP-1Y-1000A(H)-l.pdf
Degson,2EDGRC-5.08-04P-14-00SH,https://enoss.degson.com/upload/file/20210313/10030001535/2EDGRC-5.08-XXP-1Y-100A(H)T0-1.pdf
Diodes,AP2331W-7,https://www.diodes.com/assets/Datasheets/AP2331.pdf
Diodes,DMG1012T-7,https://www.diodes.com/assets/Datasheets/ds31783.pdf
Diodes,PAM2306DYPAA,https://www.diodes.com/assets/Datasheets/PAM2306.pdf
EEMB,CR2032-EEMB,https://eemb.com/public/image/download/CR2032.pdf
Faratronic,C43Q1102K40C450,http://files.faratronic.com/book/MKP63(C43).pdf
HTC,LM2596R-5.0-HTC,http://www.htckorea.co.kr/Datasheet/Step-down/LM2596.pdf
Infineon,IRLML6402TRPBF,https://www.infineon.com/dgdl/irlml6402pbf-1.pdf?fileId=5546d462533600a401535668dee2263e
IXYS,CPC3980ZTR,https://www.ixysic.com/home/pdfs.nsf/www/CPC3980.pdf/$file/CPC3980.pdf
IXYS,IXTA3N100D2,https://www.littelfuse.com/~/media/electronics/datasheets/discrete_mosfets/littelfuse_discrete_mosfets_n-channel_depletion_mode_ixt_3n100_datasheet.pdf.pdf
Kemet,T491B476K010AT,https://www.kemet.com/specsheet/T491B476K010AT
Kemet,T491D227K016AT,https://www.kemet.com/specsheet/T491D227K016AT
KLS,L-KLS1-207C-2.0-1-12-S,http://www.klsele.com/admin/product_upload/20201127085558KLS1-207C.pdf
KLS,KLS1-207C-2.0-1-12-S,https://img80002547.weyesimg.com/uploads/www.klselectronic.com/addon/15625745731841.pdf
KLS,KLS1-SSJ3.5-007,http://www.klsele.com/admin/product_upload/2015040708481820120810085803KLS1-SSJ3.5-007.pdf
Liteon,LTST-C170KGKT,https://optoelectronics.liteon.com/upload/download/DS22-2000-073/LTST-C170KGKT.pdf
Liteon,LTST-C930KGKT,https://optoelectronics.liteon.com/upload/download/DS22-2000-103/LTST-C930KGKT.pdf
Liteon,LTST-C930KRKT,https://optoelectronics.liteon.com/upload/download/DS22-2000-094/LTST-C930KRKT.pdf
Liteon,LTST-C930KSKT,https://optoelectronics.liteon.com/upload/download/DS22-2000-095/LTST-C930KSKT.pdf
Littelfuse,0159002.MR,https://www.littelfuse.com/~/media/electronics/datasheets/fuses/littelfuse_fuse_159_datasheet.pdf.pdf
Littelfuse,01591.25MR,https://www.littelfuse.com/~/media/electronics/datasheets/fuses/littelfuse_fuse_159_datasheet.pdf.pdf
Littelfuse,SLVU2.8-4BTG,https://www.littelfuse.com/~/media/electronics/datasheets/tvs_diode_arrays/littelfuse_tvs_diode_array_slvu2_8_4btg_s_datasheet.pdf.pdf
Littelfuse,SM712-02HTG,https://www.littelfuse.com/~/media/electronics/datasheets/tvs_diode_arrays/littelfuse_tvs_diode_array_sm712_datasheet.pdf.pdf
Maxim,DS3231SN#T&R,https://datasheets.maximintegrated.com/en/ds/DS3231.pdf
Maxim,MAX14575ALETA+,https://datasheets.maximintegrated.com/en/ds/MAX14575A-MAX14575C.pdf
Maxim,MAX6369KA+T,https://datasheets.maximintegrated.com/en/ds/MAX6369-MAX6374.pdf
Maxlinear,SP3243EBEY-L,https://www.maxlinear.com/ds/sp3243e.pdf
Microchip,AR1100-I/SS,https://ww1.microchip.com/downloads/en/DeviceDoc/41606B.pdf
Microchip,AT93C46DN-SH-T,https://ww1.microchip.com/downloads/en/DeviceDoc/20006224B.pdf
Microchip,KSZ8851SNLI-TR,https://ww1.microchip.com/downloads/en/DeviceDoc/KSZ8851SNL-Single-Port-Ethernet-Controller-with-SPI-DS00002381C.pdf
Microchip,MIC5281-3.3YMME-TR,https://ww1.microchip.com/downloads/en/DeviceDoc/MIC5281.pdf
Mornsun,IF0505S-1WR3,https://www.mornsun-power.com/html/pdf/IF0505S-1WR3.html
Nexperia,74HC1G86GW-125,https://assets.nexperia.com/documents/data-sheet/74HC_HCT1G86.pdf
Nexperia,BC817-40-215,https://assets.nexperia.com/documents/data-sheet/BC817_SER.pdf
Nexperia,BZV55-B10,https://assets.nexperia.com/documents/data-sheet/BZV55_SER.pdf
Nexperia,BZV55-B24,https://assets.nexperia.com/documents/data-sheet/BZV55_SER.pdf
Nexperia,BZV55-B36,https://assets.nexperia.com/documents/data-sheet/BZV55_SER.pdf
Nexperia,BZV55-C10-115,https://assets.nexperia.com/documents/data-sheet/BZV55_SER.pdf
Nexperia,BZV55-C36-115,https://assets.nexperia.com/documents/data-sheet/BZV55_SER.pdf
Nexperia,BZV55-C24-135,https://assets.nexperia.com/documents/data-sheet/BZV55_SER.pdf
Nexperia,PESD2CAN-215,https://assets.nexperia.com/documents/data-sheet/PESD2CAN.pdf
Nuvoton,NUC029LEE,https://www.nuvoton.com/export/resource-files/DS_NUC029xEE_Series_EN_Rev1.03.pdf
NXP,PCT2075GVX,https://www.nxp.com/docs/en/data-sheet/PCT2075.pdf
NXP,TJA1051T/3-118,https://www.nxp.com/docs/en/data-sheet/TJA1051.pdf
ON,FAN5333BSX,https://www.onsemi.com/pdf/datasheet/fan5333b-d.pdf
ON,FSUSB42UMX,https://www.onsemi.com/pdf/datasheet/fsusb42-d.pdf
ON,LP2951ACDG,https://www.onsemi.com/pdf/datasheet/lp2950-d.pdf
ON,MBR0540T1G,https://www.onsemi.com/pdf/datasheet/mbr0540t1-d.pdf
ON,NC7WZ16P6X,https://www.onsemi.com/pdf/datasheet/nc7wz16-d.pdf
ON,NCP3335ADMADJR2G,https://www.onsemi.com/pdf/datasheet/ncp3335a-d.pdf
ON,NCP803SN160T1G,https://www.onsemi.com/pdf/datasheet/max803-d.pdf
ON,NCP803SN463T1G,https://www.onsemi.com/pdf/datasheet/max803-d.pdf
ON,SMS24CT1G,https://www.onsemi.com/pdf/datasheet/sms05c-d.pdf
Panjit,DI2010S_R2_10001,http://www.panjit.com.cn/upload/datasheet/DI200S_SERIES.pdf
Panjit,LL4148_R2_10001,https://www.panjit.com.tw/upload/datasheet/LL4148.pdf
Panjit,SK36_R1_10001,https://www.panjit.com.tw/upload/datasheet/SK32_SERIES.pdf
Panjit,SS14_R1_10001,http://www.panjit.com.cn/upload/datasheet/SS12_SERIES.pdf
Raltron,AS-10.000-16-EXT-SMD-TR,https://www.raltron.com/wp-content/uploads/2016/10/crystal_as-smd.pdf
Raltron,AS-12.000-20-EXT-SMD-TR,https://www.raltron.com/wp-content/uploads/2016/10/crystal_as-smd.pdf
Raltron,AS-6.000-20-EXT-SMD-TR,https://www.raltron.com/wp-content/uploads/2016/10/crystal_as-smd.pdf
Raltron,RSM200S-32.768-12.5-EXT-TR-N,https://www.raltron.com/wp-content/uploads/2017/05/RSM200S_SERIES_May-2017.pdf
Raspberry,RPI-CM1,https://datasheets.raspberrypi.org/cm/cm3-plus-datasheet.pdf
Royal_Ohm,4D03WGF1002T5E,http://www.royalohm.com/pdf/product2017/Convex2D.pdf
Royal_Ohm,4D03WGF220JT5E,http://www.royalohm.com/pdf/product2017/Convex2D.pdf
Royal_Ohm,4D03WGF220JT5E,http://www.royalohm.com/pdf/product2017/Convex2D.pdf
Samsung,CL10B102KB8NNNC,http://weblib.samsungsem.com/mlcc/mlcc-ec-data-sheet.do?partNumber=CL10B102KB8NNN
Samsung,CL10B103KB8NNNC,http://weblib.samsungsem.com/mlcc/mlcc-ec-data-sheet.do?partNumber=CL10B103KB8NNN
Samsung,CL10B104KB8NNNC,http://weblib.samsungsem.com/mlcc/mlcc-ec-data-sheet.do?partNumber=CL10B104KB8NNN
Samsung,CL10B222KB8NNNC,http://weblib.samsungsem.com/mlcc/mlcc-ec-data-sheet.do?partNumber=CL10B222KB8NNN
Samsung,CL10B333KB8NNNC,http://weblib.samsungsem.com/mlcc/mlcc-ec-data-sheet.do?partNumber=CL10B333KB8NNN
Samsung,CL10B681KB8NNNC,http://weblib.samsungsem.com/mlcc/mlcc-ec-data-sheet.do?partNumber=CL10B681KB8NNN
Samsung,CL10B682KB8NNNC,http://weblib.samsungsem.com/mlcc/mlcc-ec-data-sheet.do?partNumber=CL10B682KB8NNN
Samsung,CL10C101JB8NNNC,http://weblib.samsungsem.com/mlcc/mlcc-ec-data-sheet.do?partNumber=CL10C101JB8NNN
Samsung,CL10C180FB8NNNC,http://weblib.samsungsem.com/mlcc/mlcc-ec-data-sheet.do?partNumber=CL10C180FB8NNN
Samsung,CL10C220JB8NNNC,http://weblib.samsungsem.com/mlcc/mlcc-ec-data-sheet.do?partNumber=CL10C220JB8NNN
Samsung,CL10C270JB8NNNC,http://weblib.samsungsem.com/mlcc/mlcc-ec-data-sheet.do?partNumber=CL10C270JB8NNN
Samsung,CL10C680JB8NNNC,http://weblib.samsungsem.com/mlcc/mlcc-ec-data-sheet.do?partNumber=CL10C680JB8NNN
Samsung,CL21B105KBFNNNE,http://weblib.samsungsem.com/mlcc/mlcc-ec-data-sheet.do?partNumber=CL21B105KBFNNN
Samsung,CL21B106KOQNNNE,http://weblib.samsungsem.com/mlcc/mlcc-ec-data-sheet.do?partNumber=CL21B106KOQNNN
Samsung,CL21B224KBFNNNE,http://weblib.samsungsem.com/mlcc/mlcc-ec-data-sheet.do?partNumber=CL21B224KBFNNN
Samsung,CL21B334KBFNNNE,http://weblib.samsungsem.com/mlcc/mlcc-ec-data-sheet.do?partNumber=CL21B334KBFNNN
Samsung,CL31B102KJHNNNE,http://weblib.samsungsem.com/mlcc/mlcc-ec-data-sheet.do?partNumber=CL31B102KJHNNN
Samsung,CL31B104KCFNNNE,http://weblib.samsungsem.com/mlcc/mlcc-ec-data-sheet.do?partNumber=CL31B104KCFNNN
Samsung,CL31B475KBHNNNE,http://weblib.samsungsem.com/mlcc/mlcc-ec-data-sheet.do?partNumber=CL31B475KBHNNN
Samsung,CL31C220JHFNNNE,http://weblib.samsungsem.com/mlcc/mlcc-ec-data-sheet.do?partNumber=CL31C220JHFNNN
Samsung,CL32A476KOJNNNE,http://weblib.samsungsem.com/mlcc/mlcc-ec-data-sheet.do?partNumber=CL32A476KOJNNN
Samsung,CL32B226KAJNNNE,http://weblib.samsungsem.com/mlcc/mlcc-ec-data-sheet.do?partNumber=CL32B226KAJNNN
Samsung,CL32B226KOJNNNE,http://weblib.samsungsem.com/mlcc/mlcc-ec-data-sheet.do?partNumber=CL32B226KOJNNN
Silabs,CP2102N-A02-GQFN28R,https://www.silabs.com/documents/public/data-sheets/cp2102n-datasheet.pdf
Silabs,CP2108-B03-GMR,https://www.silabs.com/documents/public/data-sheets/cp2108-datasheet.pdf
Silabs,SI8640ED-B-ISR,https://www.silabs.com/documents/public/data-sheets/si864x-datasheet.pdf
Silabs,SI8641ED-B-ISR,https://www.silabs.com/documents/public/data-sheets/si864x-datasheet.pdf
ST,L7987LTR,https://www.st.com/resource/en/datasheet/l7987l.pdf
ST,STM708TAM6F,https://www.st.com/resource/en/datasheet/stm708t-slsh-s-slsh-r.pdf
TE,1473005-4,https://www.te.com/commerce/DocumentDelivery/DDEController?Action=showdoc&DocId=Customer+Drawing%7F1473005%7FJ3%7Fpdf%7FEnglish%7FENG_CD_1473005_J3.pdf%7F1473005-4
Texas_Instruments,TFP401AIPZPRQ1,https://www.ti.com/lit/ds/symlink/tfp401a-q1.pdf
Texas_Instruments,TLC555IDR,https://www.ti.com/lit/ds/symlink/tlc555.pdf
Texas_Instruments,TPS65150PWPR,https://www.ti.com/lit/ds/symlink/tps65150.pdf
Texas_Instruments,TSC2046IPWR,https://www.ti.com/lit/ds/symlink/tsc2046.pdf
Texas_Instruments,TUSB2046IBVF,https://www.ti.com/lit/ds/symlink/tusb2046i.pdf
Vishay,SMBJ28A-E3/52,https://www.vishay.com/docs/88392/smbj.pdf
Vishay,SMBJ40A-E3/52,https://www.vishay.com/docs/88392/smbj.pdf
Vishay,SS16-E3/61T,https://www.vishay.com/docs/88746/ss12.pdf
Wurth,744223,https://www.we-online.com/catalog/datasheet/744223.pdf
Wurth,744227,https://www.we-online.com/catalog/datasheet/744227.pdf
Wurth,824011,https://www.we-online.com/catalog/datasheet/824011.pdf
Wurth,824013,https://www.we-online.com/catalog/datasheet/824013.pdf
Wurth,824014,https://www.we-online.com/catalog/datasheet/824014.pdf
Wurth,79527141,https://www.we-online.com/catalog/datasheet/79527141.pdf
Wurth,177920514,https://www.we-online.com/catalog/datasheet/177920514.pdf
Wurth,742792641,https://www.we-online.com/catalog/datasheet/742792641.pdf
Wurth,744031004,https://www.we-online.com/catalog/datasheet/744031004.pdf
Wurth,744042004,https://www.we-online.com/catalog/datasheet/744042004.pdf
Wurth,744042100,https://www.we-online.com/catalog/datasheet/744042100.pdf
Wurth,744066150,https://www.we-online.com/catalog/datasheet/744066150.pdf
Wurth,744231091,https://www.we-online.com/catalog/datasheet/744231091.pdf
Wurth,744290321,https://www.we-online.com/catalog/datasheet/744290321.pdf
Wurth,820523006,https://www.we-online.com/catalog/datasheet/820523006.pdf
Wurth,824014883,https://www.we-online.com/catalog/datasheet/824014883.pdf
Wurth,830055299,https://www.we-online.com/catalog/datasheet/830055299.pdf
Wurth,61301021121,https://www.we-online.com/catalog/datasheet/61301021121.pdf
Wurth,61400416121,https://www.we-online.com/catalog/datasheet/61400416121.pdf
Wurth,61400826021,https://www.we-online.com/catalog/datasheet/61400826021.pdf
Wurth,62100421021,https://www.we-online.com/catalog/datasheet/62100421021.pdf
Wurth,65100516121,https://www.we-online.com/catalog/datasheet/65100516121.pdf
Wurth,68610414422,https://www.we-online.com/catalog/datasheet/68610414422.pdf
Wurth,68611514122,https://www.we-online.com/catalog/datasheet/68611514122.pdf
Wurth,68715014022,https://www.we-online.com/catalog/datasheet/68715014022.pdf
Wurth,68800211722,https://www.we-online.com/catalog/datasheet/68800211722.pdf
Wurth,68800411722,https://www.we-online.com/catalog/datasheet/68800411722.pdf
Wurth,68800811622,https://www.we-online.com/catalog/datasheet/68800811622.pdf
Wurth,68800811722,https://www.we-online.com/catalog/datasheet/68800811722.pdf
Wurth,614004184726,https://www.we-online.com/catalog/datasheet/614004184726.pdf
Wurth,615008137421,https://www.we-online.com/catalog/datasheet/615008137421.pdf
Wurth,622002115121,https://www.we-online.com/catalog/datasheet/622002115121.pdf
Wurth,685119134923,https://www.we-online.com/catalog/datasheet/685119134923.pdf
Wurth,688008113322,https://www.we-online.com/catalog/datasheet/688008113322.pdf
Wurth,691328310006,https://www.we-online.com/catalog/datasheet/691328310006.pdf
Wurth,691328310008,https://www.we-online.com/catalog/datasheet/691328310008.pdf
Wurth,691364300003,https://www.we-online.com/catalog/datasheet/691364300003.pdf
Wurth,691364300004,https://www.we-online.com/catalog/datasheet/691364300004.pdf
Wurth,693071010811,https://www.we-online.com/catalog/datasheet/693071010811.pdf
Wurth,694106301002,https://www.we-online.com/catalog/datasheet/694106301002.pdf
Wurth,860010675020,https://www.we-online.com/catalog/datasheet/860010675020.pdf
Wurth,860020778021,https://www.we-online.com/catalog/datasheet/860020778021.pdf
Wurth,860080474010,https://www.we-online.com/catalog/datasheet/860080474010.pdf
Wurth,7490100111A,https://www.we-online.com/catalog/datasheet/7490100111A.pdf
Wurth,9774040243R,https://www.we-online.com/catalog/datasheet/9774040243R.pdf
Yageo,RC0603FR-07100KL,https://www.yageo.com/upload/media/product/productsearch/datasheet/rchip/PYu-RC_Group_51_RoHS_L_11.pdf
Yageo,RC0603FR-07100RL,https://www.yageo.com/upload/media/product/productsearch/datasheet/rchip/PYu-RC_Group_51_RoHS_L_11.pdf
Yageo,RC0603FR-07102KL,https://www.yageo.com/upload/media/product/productsearch/datasheet/rchip/PYu-RC_Group_51_RoHS_L_11.pdf
Yageo,RC0603FR-0710KL,https://www.yageo.com/upload/media/product/productsearch/datasheet/rchip/PYu-RC_Group_51_RoHS_L_11.pdf
Yageo,RC0603FR-07120RL,https://www.yageo.com/upload/media/product/productsearch/datasheet/rchip/PYu-RC_Group_51_RoHS_L_11.pdf
Yageo,RC0603FR-07124KL,https://www.yageo.com/upload/media/product/productsearch/datasheet/rchip/PYu-RC_Group_51_RoHS_L_11.pdf
Yageo,RC0603FR-07130KL,https://www.yageo.com/upload/media/product/productsearch/datasheet/rchip/PYu-RC_Group_51_RoHS_L_11.pdf
Yageo,RC0603FR-0713KL,https://www.yageo.com/upload/media/product/productsearch/datasheet/rchip/PYu-RC_Group_51_RoHS_L_11.pdf
Yageo,RC0603FR-07150KL,https://www.yageo.com/upload/media/product/productsearch/datasheet/rchip/PYu-RC_Group_51_RoHS_L_11.pdf
Yageo,RC0603FR-0715KL,https://www.yageo.com/upload/media/product/productsearch/datasheet/rchip/PYu-RC_Group_51_RoHS_L_11.pdf
Yageo,RC0603FR-071K5L,https://www.yageo.com/upload/media/product/productsearch/datasheet/rchip/PYu-RC_Group_51_RoHS_L_11.pdf
Yageo,RC0603FR-071K8L,https://www.yageo.com/upload/media/product/productsearch/datasheet/rchip/PYu-RC_Group_51_RoHS_L_11.pdf
Yageo,RC0603FR-071KL,https://www.yageo.com/upload/media/product/productsearch/datasheet/rchip/PYu-RC_Group_51_RoHS_L_11.pdf
Yageo,RC0603FR-071ML,https://www.yageo.com/upload/media/product/productsearch/datasheet/rchip/PYu-RC_Group_51_RoHS_L_11.pdf
Yageo,RC0603FR-07200KL,https://www.yageo.com/upload/media/product/productsearch/datasheet/rchip/PYu-RC_Group_51_RoHS_L_11.pdf
Yageo,RC0603FR-0720KL,https://www.yageo.com/upload/media/product/productsearch/datasheet/rchip/PYu-RC_Group_51_RoHS_L_11.pdf
Yageo,RC0603FR-07220RL,https://www.yageo.com/upload/media/product/productsearch/datasheet/rchip/PYu-RC_Group_51_RoHS_L_11.pdf
Yageo,RC0603FR-0722K1L,https://www.yageo.com/upload/media/product/productsearch/datasheet/rchip/PYu-RC_Group_51_RoHS_L_11.pdf
Yageo,RC0603FR-0722KL,https://www.yageo.com/upload/media/product/productsearch/datasheet/rchip/PYu-RC_Group_51_RoHS_L_11.pdf
Yageo,RC0603FR-0722RL,https://www.yageo.com/upload/media/product/productsearch/datasheet/rchip/PYu-RC_Group_51_RoHS_L_11.pdf
Yageo,RC0603FR-0727KL,https://www.yageo.com/upload/media/product/productsearch/datasheet/rchip/PYu-RC_Group_51_RoHS_L_11.pdf
Yageo,RC0603FR-0728RL,https://www.yageo.com/upload/media/product/productsearch/datasheet/rchip/PYu-RC_Group_51_RoHS_L_11.pdf
Yageo,RC0603FR-072K7L,https://www.yageo.com/upload/media/product/productsearch/datasheet/rchip/PYu-RC_Group_51_RoHS_L_11.pdf
Yageo,RC0603FR-07300KL,https://www.yageo.com/upload/media/product/productsearch/datasheet/rchip/PYu-RC_Group_51_RoHS_L_11.pdf
Yageo,RC0603FR-0736KL,https://www.yageo.com/upload/media/product/productsearch/datasheet/rchip/PYu-RC_Group_51_RoHS_L_11.pdf
Yageo,RC0603FR-0739KL,https://www.yageo.com/upload/media/product/productsearch/datasheet/rchip/PYu-RC_Group_51_RoHS_L_11.pdf
Yageo,RC0603FR-073K01L,https://www.yageo.com/upload/media/product/productsearch/datasheet/rchip/PYu-RC_Group_51_RoHS_L_11.pdf
Yageo,RC0603FR-07453KL,https://www.yageo.com/upload/media/product/productsearch/datasheet/rchip/PYu-RC_Group_51_RoHS_L_11.pdf
Yageo,RC0603FR-0747KL,https://www.yageo.com/upload/media/product/productsearch/datasheet/rchip/PYu-RC_Group_51_RoHS_L_11.pdf
Yageo,RC0603FR-0749K9L,https://www.yageo.com/upload/media/product/productsearch/datasheet/rchip/PYu-RC_Group_51_RoHS_L_11.pdf
Yageo,RC0603FR-0749R9L,https://www.yageo.com/upload/media/product/productsearch/datasheet/rchip/PYu-RC_Group_51_RoHS_L_11.pdf
Yageo,RC0603FR-074K7L,https://www.yageo.com/upload/media/product/productsearch/datasheet/rchip/PYu-RC_Group_51_RoHS_L_11.pdf
Yageo,RC0603FR-07510KL,https://www.yageo.com/upload/media/product/productsearch/datasheet/rchip/PYu-RC_Group_51_RoHS_L_11.pdf
Yageo,RC0603FR-075K6L,https://www.yageo.com/upload/media/product/productsearch/datasheet/rchip/PYu-RC_Group_51_RoHS_L_11.pdf
Yageo,RC0603FR-0768KL,https://www.yageo.com/upload/media/product/productsearch/datasheet/rchip/PYu-RC_Group_51_RoHS_L_11.pdf
Yageo,RC0603FR-0769K8L,https://www.yageo.com/upload/media/product/productsearch/datasheet/rchip/PYu-RC_Group_51_RoHS_L_11.pdf
Yageo,RC0603FR-0775RL,https://www.yageo.com/upload/media/product/productsearch/datasheet/rchip/PYu-RC_Group_51_RoHS_L_11.pdf
Yageo,RC0603FR-07768KL,https://www.yageo.com/upload/media/product/productsearch/datasheet/rchip/PYu-RC_Group_51_RoHS_L_11.pdf
Yageo,RC0603FR-07910KL,https://www.yageo.com/upload/media/product/productsearch/datasheet/rchip/PYu-RC_Group_51_RoHS_L_11.pdf
Yageo,RC0603FR-07910RL,https://www.yageo.com/upload/media/product/productsearch/datasheet/rchip/PYu-RC_Group_51_RoHS_L_11.pdf
Yageo,RC0603FR-079K53L,https://www.yageo.com/upload/media/product/productsearch/datasheet/rchip/PYu-RC_Group_51_RoHS_L_11.pdf
Yageo,RC0603JR-070RL,https://www.yageo.com/upload/media/product/productsearch/datasheet/rchip/PYu-RC_Group_51_RoHS_L_11.pdf
Yageo,RC0805FR-07330RL,https://www.yageo.com/upload/media/product/productsearch/datasheet/rchip/PYu-RC_Group_51_RoHS_L_11.pdf
Yageo,RC1206FR-0710ML,https://www.yageo.com/upload/media/product/productsearch/datasheet/rchip/PYu-RC_Group_51_RoHS_L_11.pdf
Yageo,RC1206FR-071KL,https://www.yageo.com/upload/media/product/productsearch/datasheet/rchip/PYu-RC_Group_51_RoHS_L_11.pdf
Yageo,RC1206FR-072RL,https://www.yageo.com/upload/media/product/productsearch/datasheet/rchip/PYu-RC_Group_51_RoHS_L_11.pdf
Yageo,RC1206FR-07330KL,https://www.yageo.com/upload/media/product/productsearch/datasheet/rchip/PYu-RC_Group_51_RoHS_L_11.pdf
Yageo,RC2010FK-074R7L,https://www.yageo.com/upload/media/product/productsearch/datasheet/rchip/PYu-RC_Group_51_RoHS_L_11.pdf
Yageo,RC2010FK-076R2L,https://www.yageo.com/upload/media/product/productsearch/datasheet/rchip/PYu-RC_Group_51_RoHS_L_11.pdf
Yageo,RC2512FK-071R8L,https://www.yageo.com/upload/media/product/productsearch/datasheet/rchip/PYu-RC_Group_51_RoHS_L_11.pdf
Yageo,RC2512FK-073R3L,https://www.yageo.com/upload/media/product/productsearch/datasheet/rchip/PYu-RC_Group_51_RoHS_L_11.pdf
Yageo,RC2512JK-070RL,https://www.yageo.com/upload/media/product/productsearch/datasheet/rchip/PYu-RC_Group_51_RoHS_L_11.pdf